period_start,period_end,train_start,train_end,lookback,entry_z,exit_z,stop_z,cv_sharpe,n_trades
2019-01-31,2019-04-29,2017-01-30,2019-01-30,33,1.637446374021962,0.569803026137666,3.283786164908995,-1.972,0
2019-04-30,2019-07-29,2017-04-29,2019-04-29,27,1.6110618232155738,0.8731687186599111,5.426752451815164,-0.162,1
2019-07-30,2019-10-29,2017-07-29,2019-07-29,26,1.7142655833672946,0.43775718022007276,3.4029407316824942,1.154,3
2019-10-30,2020-01-29,2017-10-29,2019-10-29,25,1.2376316909928686,0.3158713099745208,5.782368874292334,-0.366,2
2020-01-30,2020-04-29,2018-01-29,2020-01-29,31,1.2963229149794735,0.03222204436889704,4.86944329154055,0.274,1
2020-04-30,2020-07-29,2018-04-29,2020-04-29,25,1.3669809544390943,0.12474075232012852,3.6333720042256665,1.279,2
2020-07-30,2020-10-29,2018-07-29,2020-07-29,83,3.3889661983714565,0.9821364971642431,3.033606875881306,-99.0,0
2020-10-30,2021-01-29,2018-10-29,2020-10-29,24,2.3453924256581002,0.23851987110757242,4.047366977742366,0.367,1
2021-01-30,2021-04-29,2019-01-29,2021-01-29,24,1.5745773859470904,0.37172347090660474,5.815216526133922,1.4,1
2021-04-30,2021-07-29,2019-04-29,2021-04-29,31,1.031305427035795,0.17917105142469908,3.005060096431747,0.916,1
2021-07-30,2021-10-29,2019-07-29,2021-07-29,24,1.4007236087296833,0.6538305471252173,3.7435499269514922,0.67,3
2021-10-30,2022-01-29,2019-10-29,2021-10-29,21,1.1578952344092386,0.6551313238331344,4.032472923543852,1.914,1
2022-01-30,2022-04-29,2020-01-29,2022-01-29,23,2.1504320554403598,0.31110791773013735,5.483188294601896,0.911,2
2022-04-30,2022-07-29,2020-04-29,2022-04-29,25,2.043790296415044,0.4484724206275164,3.771540049015488,1.164,0
2022-07-30,2022-10-29,2020-07-29,2022-07-29,24,1.6315016957406139,0.37115402064309455,3.4604545054442304,1.062,1
2022-10-30,2023-01-29,2020-10-29,2022-10-29,28,1.1788849101121972,0.7937731807427529,4.62515386605483,1.481,0
2023-01-30,2023-04-29,2021-01-29,2023-01-29,27,3.35252715061459,0.5636813802348253,3.233977018169961,-99.0,0
2023-04-30,2023-07-29,2021-04-29,2023-04-29,22,2.0982502940782064,0.21806113088791124,3.6168629858837518,0.923,1
2023-07-30,2023-10-29,2021-07-29,2023-07-29,20,1.9254506760057022,0.1300067426816263,4.8498828025369365,0.976,2
2023-10-30,2024-01-29,2021-10-29,2023-10-29,32,1.10298212347837,0.8354802362557512,4.363318411921473,2.845,0
2024-01-30,2024-04-29,2022-01-29,2024-01-29,32,1.302385143285528,0.6102884476463695,5.580715037900758,1.921,0
2024-04-30,2024-07-29,2022-04-29,2024-04-29,20,2.0841274788002533,0.37417289847847174,3.359661595300241,-0.688,2
2024-07-30,2024-10-29,2022-07-29,2024-07-29,21,2.305208273727259,0.9642114573397506,3.994438356754418,1.39,0
2024-10-30,2025-01-29,2022-10-29,2024-10-29,103,3.160395693534728,0.013388432615007138,3.012248461781522,-99.0,0
2025-01-30,2025-04-29,2023-01-29,2025-01-29,36,1.0045926295076701,0.21650625157116063,3.920574717478104,0.606,0
2025-04-30,2025-07-29,2023-04-29,2025-04-29,22,1.1888335592143577,0.07919618279881577,5.752524193521161,-4.531,1
2025-07-30,2025-10-29,2023-07-29,2025-07-29,24,1.6260392193955637,5.081967858230722e-05,3.543406182268376,0.107,0
2025-10-30,2025-12-30,2023-10-29,2025-10-29,28,1.5138843599987837,0.3868055134824443,3.632993566959583,0.706,0
