pair,method,sharpe,sortino,max_drawdown,ann_return,total_return,calmar,pct_active,active_win_rate,n_days
META/NVDA,Baseline (fixed),-0.688,-0.588,-0.785,-0.157,-0.692,-0.2,0.531,0.486,1739
META/NVDA,Walk-Fwd BO,0.236,0.126,-0.101,0.014,0.102,0.14,0.103,0.425,1739
GS/WFC,Baseline (fixed),0.47,0.54,-0.201,0.045,0.356,0.224,0.499,0.5,1739
GS/WFC,Walk-Fwd BO,0.74,0.4,-0.081,0.039,0.302,0.48,0.109,0.474,1739
GOOGL/NVDA,Baseline (fixed),-0.137,-0.122,-0.366,-0.03,-0.191,-0.083,0.481,0.49,1739
GOOGL/NVDA,Walk-Fwd BO,-0.129,-0.057,-0.13,-0.009,-0.061,-0.069,0.085,0.392,1739
MDT/PFE,Baseline (fixed),-0.086,-0.089,-0.269,-0.016,-0.105,-0.059,0.44,0.465,1739
MDT/PFE,Walk-Fwd BO,-0.456,-0.159,-0.134,-0.02,-0.131,-0.15,0.066,0.386,1739
PEP/YUM,Baseline (fixed),-0.383,-0.301,-0.269,-0.034,-0.212,-0.126,0.409,0.463,1739
PEP/YUM,Walk-Fwd BO,-0.083,-0.036,-0.118,-0.004,-0.025,-0.031,0.087,0.421,1739
